"What we're doing",Policy areas,Lead org,Other orgs,Ministers,URL for info on current policies
Driving economies in public sector commodity procurement,Government efficiency and transparency,Cabinet Office,,Francis Maude,http://www.cabinetoffice.gov.uk/
Supporting new forms of provision and outsourcing in the public sector,Government efficiency and transparency,Cabinet Office,,Francis Maude,http://www.cabinetoffice.gov.uk/
Cutting the costs of existing government contracts,Government efficiency and transparency,Cabinet Office,,Francis Maude,http://www.cabinetoffice.gov.uk/
Improving long term supplier management,Government efficiency and transparency,Cabinet Office,,Francis Maude,http://www.cabinetoffice.gov.uk/
Changing the process for managing large projects,Government efficiency and transparency,Cabinet Office,,Francis Maude,http://www.cabinetoffice.gov.uk/
Improving energy and resource efficiency by government,Government efficiency and transparency,Cabinet Office,DECC,Francis Maude,http://www.cabinetoffice.gov.uk/
Simplifying and taking the costs out of services,Government efficiency and transparency,Cabinet Office,,Francis Maude,http://www.cabinetoffice.gov.uk/
Improving the management of the public sector estate,Government efficiency and transparency,Cabinet Office,,Francis Maude,http://www.cabinetoffice.gov.uk/
Reviewing the government advertising model,Government efficiency and transparency,Cabinet Office,,Francis Maude,http://www.cabinetoffice.gov.uk/
Integrating ICT infrastructure across central government,Government efficiency and transparency,Cabinet Office,,Francis Maude,http://www.cabinetoffice.gov.uk/
Improving value for money in government ICT,Government efficiency and transparency,Cabinet Office,,Francis Maude,http://www.cabinetoffice.gov.uk/
Creating a new government procurement process,Government efficiency and transparency,Cabinet Office,,Francis Maude,http://www.cabinetoffice.gov.uk/
Identifying ICT projects and programmes to terminate,Government efficiency and transparency,Cabinet Office,,Francis Maude,http://www.cabinetoffice.gov.uk/
Improving the rules for government ICT projects and services,Government efficiency and transparency,Cabinet Office,,Francis Maude,http://www.cabinetoffice.gov.uk/
Creating a new government channel strategy,Government efficiency and transparency,Cabinet Office,,Francis Maude,http://www.cabinetoffice.gov.uk/
Enhancing the operational leadership of government departments,Government efficiency and transparency,Cabinet Office,,Francis Maude,http://www.cabinetoffice.gov.uk/
Improving the public appointment process,Government efficiency and transparency,Cabinet Office,,Francis Maude,http://www.cabinetoffice.gov.uk/
Reducing the number and cost of public bodies,Government efficiency and transparency,Cabinet Office,,Francis Maude,http://www.cabinetoffice.gov.uk/
Establishing review and transparency procedures for public bodies,Government efficiency and transparency,Cabinet Office,,Francis Maude,http://www.cabinetoffice.gov.uk/
Reforming civil service performance management and bonuses,Government efficiency and transparency,Cabinet Office,,Francis Maude,http://www.cabinetoffice.gov.uk/
"Introducing a more flexible, modern employee offer in the civil service",Government efficiency and transparency,Cabinet Office,,Francis Maude,http://www.cabinetoffice.gov.uk/
Lowering the cost of HR in the civil service and improving training,Government efficiency and transparency,Cabinet Office,,Francis Maude,http://www.cabinetoffice.gov.uk/
Taking steps to tackle fraud and error across the public sector,Government efficiency and transparency,Cabinet Office,,Francis Maude,http://www.cabinetoffice.gov.uk/
Achieving efficiencies in government construction procurement,Government efficiency and transparency,Cabinet Office,,Francis Maude,http://www.cabinetoffice.gov.uk/
Reviewing regulations to give people and businesses greater freedom,Government efficiency and transparency; Regulation reform,Cabinet Office,BIS,Francis Maude; Oliver Letwin,http://www.cabinetoffice.gov.uk/
Enforcing transparency in central government and public bodies,Government efficiency and transparency,Cabinet Office,,Francis Maude,http://www.cabinetoffice.gov.uk/
Developing a transparent reporting regime for public service providers,Government efficiency and transparency,Cabinet Office,,Francis Maude,http://www.cabinetoffice.gov.uk/
"Creating a new 'right to data'",Government efficiency and transparency,Cabinet Office,,Francis Maude,http://www.cabinetoffice.gov.uk/
Ensuring that transparency is applied at local government level,Government efficiency and transparency; Big Society,Cabinet Office,DCLG,Francis Maude,http://www.cabinetoffice.gov.uk/
Using data and behavioural insights to achieve policy objectives,Government efficiency and transparency,Cabinet Office,,Francis Maude,http://www.cabinetoffice.gov.uk/
Driving the release of high value government datasets,Government efficiency and transparency,Cabinet Office,,Francis Maude,http://www.cabinetoffice.gov.uk/
 Establishing fixed-term Parliaments,Constitutional reform,Cabinet Office,,Nick Clegg; Mark Harper,http://www.cabinetoffice.gov.uk/
Reforming the House of Lords,Constitutional reform,Cabinet Office,,Nick Clegg; Mark Harper,http://www.cabinetoffice.gov.uk/
Introducing a power of recall for MPs,Constitutional reform,Cabinet Office,,Nick Clegg; Mark Harper,http://www.cabinetoffice.gov.uk/
Supporting people with disabilities to become parliamentarians,Constitutional reform,Cabinet Office,,Mark Harper,http://www.cabinetoffice.gov.uk/
Reforming the House of Commons,Constitutional reform,Cabinet Office,,Nick Clegg,http://www.cabinetoffice.gov.uk/
Reforming the legislative processes,Constitutional reform,Cabinet Office,,Mark Harper,http://www.cabinetoffice.gov.uk/
Making wider Parliamentary reforms,Constitutional reform,Cabinet Office,,Mark Harper,http://www.cabinetoffice.gov.uk/
Reducing the number of MPs,Constitutional reform,Cabinet Office,,Nick Clegg; Mark Harper,http://www.cabinetoffice.gov.uk/
Speeding up implementation of Individual Electoral Registration,Constitutional reform,Cabinet Office,,Mark Harper,http://www.cabinetoffice.gov.uk/
Improving parliamentary transparency,Constitutional reform; Government efficiency and transparency,Cabinet Office,,Mark Harper,http://www.cabinetoffice.gov.uk/
Establishing a commission to consider the 'West Lothian question',Constitutional reform,Cabinet Office,,Mark Harper,http://www.cabinetoffice.gov.uk/
Strengthening relationships with the devolved UK administrations,Constitutional reform,Cabinet Office,,Mark Harper,http://www.cabinetoffice.gov.uk/
Ensuring localism reforms are implemented at local government level,Constitutional reform; Local government; Big society,Cabinet Office,DCLG,Mark Harper,http://www.cabinetoffice.gov.uk/
Restoring rights in the face of encroaching state power,"Constitutional reform; Freedom, rights and citizenship; community and society",Cabinet Office,MOJ; DCLG,Francis Maude; Nick Clegg; Nick Hurd,http://www.cabinetoffice.gov.uk/
 Empowering communities by training organisers and supporting groups,Big society,Cabinet Office,,Nick Hurd,http://www.cabinetoffice.gov.uk/
Supporting non-governmental bodies to compete for provision of public services,Big society,Cabinet Office,,Nick Hurd,http://www.cabinetoffice.gov.uk/
Promoting social action and creating a National Citizen Service,Big society,Cabinet Office,,Nick Hurd,http://www.cabinetoffice.gov.uk/
Promoting social mobility,Social equality; Community and society,Cabinet Office,,Nick Hurd,http://www.cabinetoffice.gov.uk/
Establishing a Green Investment Bank to support clean energy and green technologies,Economic development and growth; financial services; Environment and climate change; Energy,BIS,DECC,VInce Cable;Baroness Wilcox; Chris Huhne; Charles Hendry,http://bis.gov.uk/policy
Ensuring an injection of private capital into Royal Mail,Government efficiency and transparency; Business and enterprise,BIS,,VInce Cable; Edward Davey,http://bis.gov.uk/policy
Sustaining the Post Office and its nationwide network of post offices,Rural and countryside; Government efficiency and transparency,BIS,,VInce Cable; Edward Davey,http://bis.gov.uk/policy
Developing a strategy to deliver on key trade priorities,Trade and investment,BIS,FCO,Vince Cable; Lord Green,http://bis.gov.uk/policy
Improving the functioning of the EU's single market and trade agreements,Trade and investment; Europe,BIS,FCO; DFID; UKTI,Vince Cable; Lord Green,http://bis.gov.uk/policy
Achieving substantive progress on the Doha Development Agenda,Trade and investment,BIS,FCO; UKTI,Vince Cable; Lord Green,http://bis.gov.uk/policy
Implementing the actions in the Plan for Growth ,Trade and investment,BIS,FCO; UKTI,Vince Cable; Lord Green,http://bis.gov.uk/policy
Targeting services at innovative and high growth SMEs to encourage more companies to export and help existing exporters penetrate more high growth and emerging markets,Trade and investment,UKTI,FCO; BIS,Lord Green; Vince Cable; William Hague,http://bis.gov.uk/policy
Winning high value opportunities in overseas markets for UK businesses of all sizes,Trade and investment,UKTI,FCO; BIS,Lord Green; Vince Cable; William Hague,http://bis.gov.uk/policy
Delivering a pipeline of high quality inward investment,Trade and investment,UKTI,FCO; BIS,Lord Green; Vince Cable; William Hague,http://bis.gov.uk/policy
"Building strategic relationships at the highest levels with the most significant inward investors, the UK's top exporters and major overseas buyers",Trade and investment,UKTI,FCO; BIS,Lord Green; Vince Cable; William Hague,http://bis.gov.uk/policy
Phasing out the Default Retirement Age,Employment; Pensions and ageing society,BIS,"ACAS, DWP",Vince Cable; Edward Davey; Iain Duncan Smith; Steve Webb,http://bis.gov.uk/policy
Developing the Every Business Commits campaign,Big society; Business and enterprise,BIS,Cabinet Office,VInce Cable; Mark Prisk,http://bis.gov.uk/policy
Creating a Public Data Corporation,Business and enterprise; Economic development and growth,BIS,,VInce Cable; Mark Prisk,http://bis.gov.uk/policy
Simplifying the planning system ,Planning and building,DCLG,,Eric Pickles,http://www.communities.gov.uk/corporate/about/whatwedo/
Protecting the environment through planning,Planning and building,DCLG,,Eric Pickles,http://www.communities.gov.uk/corporate/about/whatwedo/
"Providing safe, sustainable and accessible buildings with Building Regulations",Planning and building,DCLG,,Eric Pickles,http://www.communities.gov.uk/corporate/about/whatwedo/
Reducing carbon emissions from buildings to tackle climate change,Planning and building,DCLG,DECC,Eric Pickles,http://www.communities.gov.uk/corporate/about/whatwedo/
Turning troubled families around,Community and society,DCLG,,Eric Pickles,http://www.communities.gov.uk/corporate/about/whatwedo/
Building the Big Society,Community and society,DCLG,,Eric Pickles,http://www.communities.gov.uk/corporate/about/whatwedo/
Regenerating deprived neighbourhoods,Community and society,DCLG,,Eric Pickles,http://www.communities.gov.uk/corporate/about/whatwedo/
Creating local economic growth,Economic development and growth; Local government,DCLG,BIS,Eric Pickles,http://www.communities.gov.uk/corporate/about/whatwedo/
Driving economic growth and regeneration,Economic development and growth,DCLG,,Eric Pickles,http://www.communities.gov.uk/corporate/about/whatwedo/
Placing regeneration at the heart of economic growth,Economic development and growth,DCLG,,Eric Pickles,http://www.communities.gov.uk/corporate/about/whatwedo/
Building a sustainable Olympic legacy,Olympics; Economic development and growth,DCLG,DCMS,Eric Pickles,http://www.communities.gov.uk/corporate/about/whatwedo/
Maximising potential to ensure growth in the Thames Gateway,Economic development and growth,DCLG,,Eric Pickles,http://www.communities.gov.uk/corporate/about/whatwedo/
Ensuring the Olympic and Paralympic Games deliver value for money,Olympics,DCMS,,Jeremy Hunt; Hugh Robertson,http://www.culture.gov.uk/what_we_do/default.aspx
Improving governance within Whitehall to ensure effective delivery of the Olympics,Olympics,DCMS,,Jeremy Hunt; Hugh Robertson,http://www.culture.gov.uk/what_we_do/default.aspx
Ensuring Olympic venues and infrastructure are delivered on time and to budget,Olympics,DCMS,,Jeremy Hunt; Hugh Robertson,http://www.culture.gov.uk/what_we_do/default.aspx
Ensuring essential public services are provided for the Olympic Games,Olympics; Transport,DCMS,,Jeremy Hunt; Hugh Robertson,http://www.culture.gov.uk/what_we_do/default.aspx
Agreeing and implementing a compelling legacy plan for the Games,Olympics,DCMS,,Jeremy Hunt; Hugh Robertson,http://www.culture.gov.uk/what_we_do/default.aspx
Launching a new School Games competition,Olympics; Schools; Sport and leisure,DCMS,DFE,Jeremy Hunt; Hugh Robertson,http://www.culture.gov.uk/what_we_do/default.aspx
Using the 2012 Olympics to establish a lasting community sporting legacy,Olympics; Sport and leisure; Community and society,DCMS,,Jeremy Hunt; Hugh Robertson,http://www.culture.gov.uk/what_we_do/default.aspx
Supporting sports facilities and clubs,Sport and leisure; Community and society,DCMS,,Jeremy Hunt; Hugh Robertson,http://www.culture.gov.uk/what_we_do/default.aspx
Reforming the arm's length bodies in the sport sector,Sport and leisure,DCMS,,Jeremy Hunt; Hugh Robertson,http://www.culture.gov.uk/what_we_do/default.aspx
Enabling the tourism industry to deliver economic growth,"Economic development and growth; Arts, media and culture; Sports and leisure",DCMS,,Jeremy Hunt; John Penrose,http://www.culture.gov.uk/what_we_do/default.aspx
Bidding for major sporting events,Sport and leisure,DCMS,,Jeremy Hunt; Hugh Robertson,http://www.culture.gov.uk/what_we_do/default.aspx
Changing the media regulatory regime ,"Arts, media and culture",DCMS,,Jeremy Hunt; Ed Vaizey,http://www.culture.gov.uk/what_we_do/default.aspx
Ensuring the BBC becomes more accountable and offers better value for money,"Arts, media and culture",DCMS,,Jeremy Hunt; Ed Vaizey,http://www.culture.gov.uk/what_we_do/default.aspx
Ensuring the switchover of TV transmitters from analogue to digital across the UK,"Arts, media and culture",DCMS,,Jeremy Hunt; Ed Vaizey,http://www.culture.gov.uk/what_we_do/default.aspx
Encouraging a consumer-led transition to digital radio,"Arts, media and culture",DCMS,,Jeremy Hunt; Ed Vaizey,http://www.culture.gov.uk/what_we_do/default.aspx
Releasing spectrum from public sector use to allow access for private sector,"Arts, media and culture",DCMS,,Jeremy Hunt; Ed Vaizey,http://www.culture.gov.uk/what_we_do/default.aspx
Promoting the competitiveness of digital content industries,"Arts, media and culture",DCMS,,Jeremy Hunt; Ed Vaizey,http://www.culture.gov.uk/what_we_do/default.aspx
 Introducing incentives to increase charitable giving,"Big society; Community and society; Arts, media and culture",DCMS,,Jeremy Hunt,http://www.culture.gov.uk/what_we_do/default.aspx
"Reforming the National Lottery so that more money goes into sport, arts and heritage","Arts, media and culture; Sports and leisure",DCMS,,Jeremy Hunt; Hugh Robertson,http://www.culture.gov.uk/what_we_do/default.aspx
Reforming the Big Lottery Fund ,"Arts, media and culture; Sports and leisure",DCMS,,Jeremy Hunt; Hugh Robertson,http://www.culture.gov.uk/what_we_do/default.aspx
Stopping wasteful spending by National Lottery distributors,"Arts, media and culture; Sports and leisure",DCMS,,Jeremy Hunt; Hugh Robertson,http://www.culture.gov.uk/what_we_do/default.aspx
Scrapping rules on local cross-media ownership ,"Arts, media and culture",DCMS,,Jeremy Hunt; Ed Vaizey,http://www.culture.gov.uk/what_we_do/default.aspx
Enabling the creation of new local TV stations,"Arts, media and culture; Community and society",DCMS,,Jeremy Hunt; Ed Vaizey,http://www.culture.gov.uk/what_we_do/default.aspx
Addressing the commercialisation and sexualisation of childhood in the media,"Arts, media and culture; Children and young people",DCMS,DFE,Jeremy Hunt; Ed Vaizey,http://www.culture.gov.uk/what_we_do/default.aspx
Supporting public libraries into the next generation: the Future Libraries Programme,"Arts, media and culture; Sports and leisure; Community and society; Local government",DCMS,DCLG,Jeremy Hunt; Ed Vaizey,http://www.culture.gov.uk/what_we_do/default.aspx
Reforming the arm's length bodies in the cultural sector,"Arts, media and culture",DCMS,,Jeremy Hunt; Ed Vaizey,http://www.culture.gov.uk/what_we_do/default.aspx
Creating a level playing field for new providers in the cultural sector,"Arts, media and culture",DCMS,,Jeremy Hunt; Ed Vaizey,http://www.culture.gov.uk/what_we_do/default.aspx
Opening up access to infrastructure to facilitate super-fast broadband,"Arts, media and culture; Economic development and growth",DCMS,,Jeremy Hunt; Ed Vaizey,http://www.culture.gov.uk/what_we_do/default.aspx
Facilitating the introduction of super-fast broadband in remote areas ,"Arts, media and culture; Rural and countyside; Economic development and growth",DCMS,,Jeremy Hunt; Ed Vaizey,http://www.culture.gov.uk/what_we_do/default.aspx
 Increasing the number of Academies,Schools,DFE,,Michael Gove; Lord Hill; Nick Gibb,http://education.gov.uk/
Introducing new Free Schools,Schools,DFE,,Michael Gove; Lord Hill; Nick Gibb,http://education.gov.uk/
Introducing new University Technical Colleges,Schools,DFE,,Michael Gove; Lord Hill; Nick Gibb,http://education.gov.uk/
Introducing a new pupil premium for disadvantaged pupils,Schools,DFE,,Michael Gove; Lord Hill; Nick Gibb,http://education.gov.uk/
Reforming funding systems for schools revenue and capital funding,Schools,DFE,,Michael Gove; Lord Hill; Nick Gibb,http://education.gov.uk/
Promoting the teaching of systematic synthetic phonics in schools,Schools,DFE,,Michael Gove; Lord Hill; Nick Gibb,http://education.gov.uk/
Reforming the National Curriculum for 5-16 year olds,Schools,DFE,,Michael Gove; Lord Hill; Nick Gibb,http://education.gov.uk/
Reforming and free up the qualifications system,Schools,DFE,,Michael Gove; Lord Hill; Nick Gibb,http://education.gov.uk/
Reducing regulatory and other burdens on schools and colleges,Schools; Further education and skills,DFE,,Michael Gove; John Hayes,http://education.gov.uk/
Supporting teachers in securing good behaviour in schools,Schools,DFE,,Michael Gove; Lord Hill; Nick Gibb,http://education.gov.uk/
"Reforming the inspection of schools, children's services and Early Years providers",Schools; Children and young people,DFE,Ofsted,Michael Gove; Lord Hill; Nick Gibb; Sarah Teather,http://education.gov.uk/
Attracting the best entrants into the school workforce and developing them continuously,Schools,DFE,,Michael Gove; Lord Hill; Nick Gibb,http://education.gov.uk/
"Reforming teachers standards, pay and conditions",Schools,DFE,,Michael Gove; Lord Hill; Nick Gibb,http://education.gov.uk/
Recruiting and developing social workers who work with children and families,Children and young people; Social care,DFE,,Michael Gove; Sarah Teather; Tim Loughton,http://education.gov.uk/
Improving the quality of the Early Years workforce,Children and young people,DFE,,Michael Gove; Sarah Teather; Tim Loughton,http://education.gov.uk/
Retaining a national network of Sure Start Children's Centres,Children and young people,DFE,,Michael Gove; Sarah Teather; Tim Loughton,http://education.gov.uk/
Ensuring access to sufficient and high quality Early Years provision,Children and young people,DFE,,Michael Gove; Sarah Teather; Tim Loughton,http://education.gov.uk/
Reforming provision for children with special educational needs,Children and young people; Social care,DFE,,Michael Gove; Sarah Teather; Tim Loughton,http://education.gov.uk/
Improving arrangements for protecting children from harm,Children and young people; Social care,DFE,,Michael Gove; Sarah Teather; Tim Loughton,http://education.gov.uk/
Improving the quality and cost-effectiveness of the child care system,Children and young people; Social care,DFE,,Michael Gove; Sarah Teather; Tim Loughton,http://education.gov.uk/
Improving opportunities and support for young people,Children and young people; Community and society,DFE,,Michael Gove; Sarah Teather; Tim Loughton,http://education.gov.uk/
Taking steps to end child poverty and improve life chances of the poorest,Children and young people; Welfare,DFE,DWP,Michael Gove; Sarah Teather; Tim Loughton,http://education.gov.uk/
Increasing support for families experiencing difficulties,Children and young people,DFE,,Michael Gove; Sarah Teather; Tim Loughton,http://education.gov.uk/
Driving sustainable food procurement by the public sector,Food and farming,Defra,,Caroline Spelman; Jim Paice,http://www.defra.gov.uk/
Promoting increased domestic food production,Food and farming,Defra,,Caroline Spelman; Jim Paice,http://www.defra.gov.uk/
Ensuring consumers can be confident about where their food comes from,Food and farming,Defra,,Caroline Spelman; Jim Paice,http://www.defra.gov.uk/
Preparing farming for post-2013 Common Agricultural Policy (CAP) reforms,Food and farming,Defra,,Caroline Spelman; Jim Paice,http://www.defra.gov.uk/
Reforming the animal welfare inspection regime,Food and farming,Defra,,Caroline Spelman; Jim Paice,http://www.defra.gov.uk/
Promoting environmentally-sustainable domestic food production,Food and farming,Defra,,Caroline Spelman; Jim Paice,http://www.defra.gov.uk/
"Enhancing the countryside, habitats and the urban environment",Environment and climate change; Rural and countryside,Defra,DCLG; DFT; BIS; MOD,Caroline Spelman; Richard Benyon,http://www.defra.gov.uk/
Helping communities and wildlife adapt to climate change,Environment and climate change; Wildlife and pets,Defra,DECC,Caroline Spelman; Richard Benyon,http://www.defra.gov.uk/
Spearheading international progress on conservation and endangered species,Environment and climate change; Wildlife and pets,Defra,,Caroline Spelman; Richard Benyon,http://www.defra.gov.uk/
"Driving a 'zero waste' agenda",Environment and climate change,Defra,DECC,Caroline Spelman; Richard Benyon,http://www.defra.gov.uk/
Reforming the water industry ,Environment and climate change; Rural and countryside,Defra,BIS; DCLG,Caroline Spelman; Richard Benyon,http://www.defra.gov.uk/
Driving sustainable public sector practice across government,Environment and climate change,Defra,DECC,Caroline Spelman; Richard Benyon,http://www.defra.gov.uk/
"Promoting a low-carbon, eco-friendly and climate resilient economy",Environment and climate change,Defra,,Caroline Spelman; Richard Benyon,http://www.defra.gov.uk/
Supporting sustainable economic growth in rural areas,Rural and countryside; Economic development and growth,Defra,DCLG,Caroline Spelman; Richard Benyon,http://www.defra.gov.uk/
Reviewing and consulting on high speed rail,Transport,DFT,,Justine Greening; Theresa Villiers,http://www.dft.gov.uk/topics/
Legislating for the London-Birmingham phase of High Speed 2,Transport,DFT,,Justine Greening; Theresa Villiers,http://www.dft.gov.uk/topics/
Preparing the Birmingham-Manchester-Leeds rail routes and consulting on proposals,Transport,DFT,,Justine Greening; Theresa Villiers,http://www.dft.gov.uk/topics/
Completing sale of High Speed 1 - the Channel Tunnel rail link asset,Transport,DFT,,Justine Greening; Theresa Villiers,http://www.dft.gov.uk/topics/
Identifying plans for securing a more sustainable railway,Transport,DFT,,Justine Greening; Theresa Villiers,http://www.dft.gov.uk/topics/
"Changing rail franchise terms to incentivise better services, stations, rails and stock",Transport,DFT,,Justine Greening; Theresa Villiers,http://www.dft.gov.uk/topics/
Supporting further capacity improvements and electrification of the rail network,Transport,DFT,,Justine Greening; Theresa Villiers,http://www.dft.gov.uk/topics/
 Simplifying transport funding and decision making,Transport,DFT,,Justine Greening; Theresa Villiers,http://www.dft.gov.uk/topics/
Enhancing local public transport,Transport; Local government,DFT,,Justine Greening; Theresa Villiers,http://www.dft.gov.uk/topics/
Tackling the causes of local traffic congestion,Transport; Local government,DFT,,Justine Greening; Theresa Villiers,http://www.dft.gov.uk/topics/
Contributing to the delivery of a successful Olympics,Transport; Olympics,DFT,DCMS,Justine Greening; Theresa Villiers,http://www.dft.gov.uk/topics/
Promoting electric and other ultra-low emission vehicles ,Transport; Environment and climate change,DFT,BIS; DECC,Justine Greening; Theresa Villiers,http://www.dft.gov.uk/topics/
Creating a national electric car recharging network,Transport; Environment and climate change,DFT,BIS; DECC,Justine Greening; Theresa Villiers,http://www.dft.gov.uk/topics/
Improving traffic flow and removing bottlenecks,Transport,DFT,,Justine Greening; Theresa Villiers,http://www.dft.gov.uk/topics/
Introducing Heavy Goods Vehicle (HGV) road user charging,Transport,DFT,,Justine Greening; Theresa Villiers,http://www.dft.gov.uk/topics/
Reviewing the operation and structure of the Highways Agency,Transport,DFT,,Justine Greening; Theresa Villiers,http://www.dft.gov.uk/topics/
Switching to more effective ways to make our roads safer,Transport; Social equality,DFT,,Justine Greening; Theresa Villiers,http://www.dft.gov.uk/topics/
Reforming the Blue Badge Scheme for people with severe mobility problems,Transport,DFT,,Justine Greening; Theresa Villiers,http://www.dft.gov.uk/topics/
Delivering further measures to reduce CO2 from road transport,Transport; Environment and climate change,DFT,DECC,Justine Greening; Theresa Villiers,http://www.dft.gov.uk/topics/
Developing a sustainable framework for UK aviation ,Transport,DFT,,Justine Greening; Theresa Villiers,http://www.dft.gov.uk/topics/
Considering how to make airports operate better,Transport,DFT,,Justine Greening; Theresa Villiers,http://www.dft.gov.uk/topics/
Reforming civil aviation regulation to improve the passenger experience,Transport,DFT,,Justine Greening; Theresa Villiers,http://www.dft.gov.uk/topics/
Ensuring aviation contributes to delivering low carbon goals,Transport; Environment and climate change,DFT,BIS; DECC,Justine Greening; Theresa Villiers,http://www.dft.gov.uk/topics/
Reforming the welfare system,Welfare,DWP,,Iain Duncan Smith; Chris Grayling; Lord Freud,http://www.dwp.gov.uk/policy/
Reforming pensions,Welfare; Pensions and ageing society,DWP,,Iain Duncan Smith; Steve Webb,http://www.dwp.gov.uk/policy/
Improving equality for disabled people,Welfare; Social equality; Employment,DWP,,Iain Duncan Smith; Maria Miller,http://www.dwp.gov.uk/policy/
Reforming health and safety,Employment,DWP,BIS; DH,Iain Duncan Smith; Chris Grayling; Lord Freud,http://www.dwp.gov.uk/policy/
Tackling child poverty,Children and young people; Welfare,DWP,,Iain Duncan Smith; Lord Freud,http://www.dwp.gov.uk/policy/
Reforming child maintenance,Children and young people; Welfare,DWP,,Iain Duncan Smith; Lord Freud,http://www.dwp.gov.uk/policy/
Responding to an ageing society,Welfare; Pensions and ageing society,DWP,,Iain Duncan Smith; Steve Webb,http://www.dwp.gov.uk/policy/
Driving greater energy efficiency in households and businesses: the Green Deal,Environment and climate change; Energy,DECC,,Chris Huhne; Charles Hendry; Gregory Barker; Lord Marland,http://www.decc.gov.uk/en/content/cms/legislation/legislation.aspx
Rolling out smart electricity and gas meters across Britain,Environment and climate change; Energy,DECC,,Chris Huhne; Charles Hendry; Gregory Barker; Lord Marland,http://www.decc.gov.uk/en/content/cms/legislation/legislation.aspx
Supporting vulnerable households in meeting the cost of energy bills,Energy; Welfare; Pensions and ageing society,DECC,,Chris Huhne; Charles Hendry; Lord Marland,http://www.decc.gov.uk/en/content/cms/legislation/legislation.aspx
Driving greater energy efficiency in the public sector,Environment and climate change; Energy,DECC,,Chris Huhne; Charles Hendry; Gregory Barker; Lord Marland,http://www.decc.gov.uk/en/content/cms/legislation/legislation.aspx
 Reforming the electricity market to ensure competition and security of supplies,Energy,DECC,,Chris Huhne; Charles Hendry; Lord Marland,http://www.decc.gov.uk/en/content/cms/legislation/legislation.aspx
Ensuring at least 15% of UK energy comes from renewable sources by 2020,Environment and climate change; Energy,DECC,,Chris Huhne; Charles Hendry; Gregory Barker; Lord Marland,http://www.decc.gov.uk/en/content/cms/legislation/legislation.aspx
Facilitating the world's first new nuclear development without public subsidy by 2018,Energy,DECC,,Chris Huhne; Charles Hendry; Lord Marland,http://www.decc.gov.uk/en/content/cms/legislation/legislation.aspx
Demonstrating the use of clean fossil fuels through carbon capture and storage,Environment and climate change; Energy,DECC,,Chris Huhne; Charles Hendry; Gregory Barker; Lord Marland,http://www.decc.gov.uk/en/content/cms/legislation/legislation.aspx
Setting in place a framework to establish a smart electricity grid,Energy,DECC,,Chris Huhne; Charles Hendry; Lord Marland,http://www.decc.gov.uk/en/content/cms/legislation/legislation.aspx
Reforming the electricity grid to ensure capacity and access to connect new forms of energy,Energy,DECC,,Chris Huhne; Charles Hendry; Lord Marland,http://www.decc.gov.uk/en/content/cms/legislation/legislation.aspx
Ensuring that international action supports the UK's low carbon development and energy security objectives,Environment and climate change; Energy,DECC,"FCO, DFID",Chris Huhne; Charles Hendry; Gregory Barker; Lord Marland,http://www.decc.gov.uk/en/content/cms/legislation/legislation.aspx
Meeting five-yearly statutory carbon budgets,Environment and climate change; Energy,DECC,,Chris Huhne; Charles Hendry; Gregory Barker; Lord Marland,http://www.decc.gov.uk/en/content/cms/legislation/legislation.aspx
Encouraging high climate change ambitions at EU level,Environment and climate change; Europe,DECC,,Chris Huhne; Gregory Barker; Lord Marland,http://www.decc.gov.uk/en/content/cms/legislation/legislation.aspx
Helping developing countries take action on climate change by providing finance and technological support,Environment and climate change; International aid and development,DECC,,Chris Huhne; Gregory Barker; Lord Marland,http://www.decc.gov.uk/en/content/cms/legislation/legislation.aspx
Reducing carbon emissions through international negotiations at the UN Framework Convention on Climate Change,Environment and climate change,DECC,,Chris Huhne; Gregory Barker; Lord Marland,http://www.decc.gov.uk/en/content/cms/legislation/legislation.aspx
Sponsoring the Nuclear Decommissioning Authority (NDA) to deliver its mission cost-effectively,Energy,DECC,BIS,Chris Huhne; Charles Hendry; Lord Marland,http://www.decc.gov.uk/en/content/cms/legislation/legislation.aspx
Implementing solutions for the long-term management of higher activity radioactive waste,Energy,DECC,,Chris Huhne; Charles Hendry; Lord Marland,http://www.decc.gov.uk/en/content/cms/legislation/legislation.aspx
Improving the security of civil nuclear sites and materials,Energy,DECC,,Chris Huhne; Charles Hendry; Lord Marland,http://www.decc.gov.uk/en/content/cms/legislation/legislation.aspx
Reviewing environmental regulation of oil and gas exploration ,Energy,DECC,,Chris Huhne; Charles Hendry; Lord Marland,http://www.decc.gov.uk/en/content/cms/legislation/legislation.aspx
Extending patient choice of treatment and provider,NHS,DH,,Andrew Lansley; Simon Burns; Paul Burstow; Lord Howe,http://www.dh.gov.uk/health/policy/
Developing urgent care services,Social care,DH,,Andrew Lansley; Simon Burns; Paul Burstow; Lord Howe,http://www.dh.gov.uk/health/policy/
Giving people far more information and data on all aspects of healthcare,NHS; Social care,DH,,Andrew Lansley; Simon Burns; Paul Burstow; Lord Howe,http://www.dh.gov.uk/health/policy/
Introducing personal health budgets for people with chronic or long term conditions,NHS; Social care,DH,,Andrew Lansley; Simon Burns; Paul Burstow; Lord Howe,http://www.dh.gov.uk/health/policy/
"Creating HealthWatch, a new body to act as the voice for patients and the public",NHS,DH,,Andrew Lansley; Simon Burns; Paul Burstow; Lord Howe,http://www.dh.gov.uk/health/policy/
Strengthening the role of the Care Quality Commission,Social care,DH,,Andrew Lansley; Simon Burns; Paul Burstow; Lord Howe,http://www.dh.gov.uk/health/policy/
Strengthening the language competence checks of migrant doctors in the NHS,NHS; Borders and immigration,DH,,Andrew Lansley; Simon Burns; Lord Howe,http://www.dh.gov.uk/health/policy/
Reviewing the rules on charging non-residents for NHS healthcare,NHS; Borders and immigration,DH,,Andrew Lansley; Simon Burns; Lord Howe,http://www.dh.gov.uk/health/policy/
Improving the UK competitiveness as a location for clinical trials,NHS; Science and innovation,DH,,Andrew Lansley; Simon Burns; Lord Howe,http://www.dh.gov.uk/health/policy/
Supporting integration of health and social care,Public health; Social care; NHS,DH,,Andrew Lansley; Simon Burns; Lord Howe,http://www.dh.gov.uk/health/policy/
Radically increasing data transparency for the benefit of patients and the public,NHS,DH,,Andrew Lansley; Simon Burns; Lord Howe,http://www.dh.gov.uk/health/policy/
Scrapping process targets and introducing national health outcome measures,NHS,DH,,Andrew Lansley; Simon Burns; Lord Howe,http://www.dh.gov.uk/health/policy/
Reforming Payment by Results to provide incentives for high quality care services,NHS; Social care,DH,,Andrew Lansley; Paul Burstow; Lord Howe,http://www.dh.gov.uk/health/policy/
Devising a palliative care funding system which is responsive to the wishes of patients,Social care,DH,,Andrew Lansley; Paul Burstow; Lord Howe,http://www.dh.gov.uk/health/policy/
Introducing a value-based pricing system to align treatments with outcomes,NHS,DH,,Andrew Lansley; Simon Burns; Paul Burstow; Lord Howe,http://www.dh.gov.uk/health/policy/
"Introducing a new dentistry contract, with particular focus on the oral health of children",NHS; Children and young people,DH,,Andrew Lansley; Simon Burns; Paul Burstow; Lord Howe,http://www.dh.gov.uk/health/policy/
Ensuring greater access to talking therapies to reduce long term costs for the NHS,NHS; Social care,DH,,Andrew Lansley; Simon Burns; Paul Burstow; Lord Howe,http://www.dh.gov.uk/health/policy/
Improving outcomes from drug dependency and for offenders in custody and the community,Social care; Prison and probation,DH,MOJ,Andrew Lansley; Paul Burstow; Lord Howe,http://www.dh.gov.uk/health/policy/
"Promoting safe, effective and respectful care by health and social care professionals",NHS; Social care; Public safety and emergencies,DH,,Andrew Lansley; Simon Burns; Paul Burstow; Lord Howe,http://www.dh.gov.uk/health/policy/
Supporting the NHS to release up to Â£20 billion efficiency savings over four years,NHS,DH,,Andrew Lansley; Simon Burns; Paul Burstow; Lord Howe,http://www.dh.gov.uk/health/policy/
 Improving the effectiveness of commissioning and resource allocation,NHS,DH,,Andrew Lansley; Simon Burns; Paul Burstow; Lord Howe,http://www.dh.gov.uk/health/policy/
Enhancing commissioning to give Clinicians greater autonomy,NHS,DH,,Andrew Lansley; Simon Burns; Paul Burstow; Lord Howe,http://www.dh.gov.uk/health/policy/
Creating a greater role for local government in health and wellbeing,NHS; Local government,DH,,Andrew Lansley; Simon Burns; Paul Burstow; Lord Howe,http://www.dh.gov.uk/health/policy/
Empowering health professionals and reducing political interference in healthcare,NHS; Social care,DH,,Andrew Lansley; Simon Burns; Paul Burstow; Lord Howe,http://www.dh.gov.uk/health/policy/
Reducing healthcare bureaucracy,NHS; Social care,DH,,Andrew Lansley; Simon Burns; Paul Burstow; Lord Howe,http://www.dh.gov.uk/health/policy/
Developing Monitor into an economic regulator for health and social care,NHS; Social care,DH,,Andrew Lansley; Simon Burns; Paul Burstow; Lord Howe,http://www.dh.gov.uk/health/policy/
Delivering changes to the NHS Pension Scheme,NHS; Pensions and ageing society,DH,Treasury,Andrew Lansley; Simon Burns; Paul Burstow; Lord Howe,http://www.dh.gov.uk/health/policy/
Establishing Public Health England,Public heatlh,DH,,Andrew Lansley; Anne Milton; Lord Howe,http://www.dh.gov.uk/health/policy/
 Incorporating the nutrition functions of the Food Standards Agency into the Department of Health,Public health; Government efficiency and transparency,DH,FSA,Andrew Lansley; Anne Milton; Lord Howe,http://www.dh.gov.uk/health/policy/
Giving local communities control over health improvement budgets,NHS,DH,,Andrew Lansley; Simon Burns; Paul Burstow; Lord Howe,http://www.dh.gov.uk/health/policy/
Establishing the Public Health Responsibility Deal,Public health,DH,,Andrew Lansley; Anne Milton; Lord Howe,http://www.dh.gov.uk/health/policy/
Ensuring hospitals share knife and gun crime information with the police ,NHS,DH,Home Office,Andrew Lansley; Simon Burns; Paul Burstow; Lord Howe,http://www.dh.gov.uk/health/policy/
Prioritising dementia research within health research and development,Pubic health; Science and innovation,DH,,Andrew Lansley; Anne Milton; Lord Howe,http://www.dh.gov.uk/health/policy/
"Recruiting 4,200 extra Sure Start health visitors",Social care,DH,,Andrew Lansley; Paul Burstow; Lord Howe,http://www.dh.gov.uk/health/policy/
Reforming funding of the social care system,Social care,DH,,Andrew Lansley; Paul Burstow; Lord Howe,http://www.dh.gov.uk/health/policy/
Extending the roll-out of health and social care personal budgets ,NHS; Social care,DH,,Andrew Lansley; Simon Burns; Paul Burstow; Lord Howe,http://www.dh.gov.uk/health/policy/
Reviewing UK bilateral relationships and overseas footprint,Foreign affairs,FCO,,William Hague; David Lidington; Jeremy Browne; Alistair Burt; Henry Bellingham; Lord Howell; Lord Green,http://www.fco.gov.uk/en/global-issues/
Re-energising key bilateral relationships,Foreign affairs,FCO,,William Hague; David Lidington; Jeremy Browne; Alistair Burt; Henry Bellingham; Lord Howell; Lord Green,http://www.fco.gov.uk/en/global-issues/
"Reinvigorating the Commonwealth as a focus for development, conflict prevention, human rights and trade",Foreign affairs; National security and intelligence; International aid and development; Trade and investment,FCO,UKTI,William Hague; Lord Howell,http://www.fco.gov.uk/en/global-issues/
Playing a central role in international prevention of the proliferation of weapons of mass destruction,Foreign affairs; National security and intelligence,FCO,MOD,William Hague; Alistair Burt; Lord Howell,http://www.fco.gov.uk/en/global-issues/
Supporting the Middle East Peace Process,Foreign affairs,FCO,MOD,William Hague; Alistair Burt; Lord Howell,http://www.fco.gov.uk/en/global-issues/
Acting for long term security and stability in the Middle East and North Africa region,Foreign affairs; National security and intelligence,FCO,MOD,William Hague; Alistair Burt; Lord Howell,http://www.fco.gov.uk/en/global-issues/
Driving international action to tackle climate change,Foreign affairs; Environment and climate change,FCO,DECC; DFID,William Hague; Henry Bellingham; Lord Howell; Chris Huhne; Andrew Mitchell,http://www.fco.gov.uk/en/global-issues/
Developing a new strategy for the Overseas Territories ,Foreign affairs,FCO,,William Hague; Henry Bellingham; Lord Howell,http://www.fco.gov.uk/en/global-issues/
Supporting reform of the UN Security Council,Foreign affairs; National security and intelligence,FCO,,William Hague; Henry Bellingham; Lord Howell,http://www.fco.gov.uk/en/global-issues/
Cementing the National Security Council's role in coordinating Afghanistan policy,Foreign affairs; National security and intelligence,FCO,,William Hague; Henry Bellingham; Lord Howell,http://www.fco.gov.uk/en/global-issues/
Restoring the Government's accountability on Afghanistan to Parliament and to the British people,Foreign affairs; National security and intelligence,FCO,,William Hague; Alistair Burt; Henry Bellingham; Lord Howell,http://www.fco.gov.uk/en/global-issues/
Helping to build a stable and increasingly prosperous Pakistan,Foreign affairs; National security and intelligence; Counter terrorism,FCO,,William Hague; Alistair Burt; Henry Bellingham; Lord Howell,http://www.fco.gov.uk/en/global-issues/
Establishing the National Security Council (NSC) to drive cross-government decision-making,Foreign affairs; National security and intelligence,FCO,MOD,William Hague; Alistair Burt; Henry Bellingham; Lord Howell,http://www.fco.gov.uk/en/global-issues/
Implementing the international aspects of the Strategic Defence and Security Review,Foreign affairs; National security and intelligence,FCO,MOD,William Hague; Alistair Burt; Henry Bellingham; Lord Howell,http://www.fco.gov.uk/en/global-issues/
Supporting further enlargement of the EU,Foreign affairs; Europe,FCO,,William Hague; David Lidington; Lord Howell,http://www.fco.gov.uk/en/global-issues/
Developing effective and democratic engagement with the EU,Foreign affairs; Europe,FCO,,William Hague; David Lidington; Lord Howell,http://www.fco.gov.uk/en/global-issues/
Taking an active and activist approach to foreign policy in the EU,Foreign affairs; Europe,FCO,,William Hague; David Lidington; Lord Howell,http://www.fco.gov.uk/en/global-issues/
Advancing Britain's interests by proactive engagement on key EU priorities,Foreign affairs; Europe,FCO,,William Hague; David Lidington; Lord Howell,http://www.fco.gov.uk/en/global-issues/
 Developing a long term programme to enhance UK 'soft power',Foreign affairs,FCO,DFID,William Hague; David Lidington; Jeremy Browne; Alistair Burt; Henry Bellingham; Lord Howell; Lord Green,http://www.fco.gov.uk/en/global-issues/
Assessing the merits of a Quadrennial Diplomacy and Development Review,Foreign affairs; International aid and development,FCO,DFID,William Hague; Jeremy Browne; Lord Howell,http://www.fco.gov.uk/en/global-issues/
Ensuring the successful implementation of detainee measures,Foreign affairs; Borders and immigration,FCO,Home office,William Hague; Jeremy Browne; Lord Howell,http://www.fco.gov.uk/en/global-issues/
"Maximising revenue flows, improving customer experience and reducing costs of tax collection ",Tax and revenue,HMRC,,David Gauke,http://hmrc.gov.uk/
Tackling tax avoidance and evasion through targeted campaigns and interventions,Tax and revenue,HMRC,,David Gauke,http://hmrc.gov.uk/
Tackling off-shore tax avoidance and evasion,Tax and revenue,HMRC,,David Gauke,http://hmrc.gov.uk/
Preventing tax avoidance before it happens,Tax and revenue,HMRC,,David Gauke,http://hmrc.gov.uk/
Tackling organised criminals and tax fraud,Tax and revenue,HMRC,,David Gauke,http://hmrc.gov.uk/
Improving HMRC's debt collection capability,Tax and revenue,HMRC,,David Gauke,http://hmrc.gov.uk/
"Tackling error and fraud in tax credits, reducing losses to no more than 5% by next year",Tax and revenue; Welfare,HMRC,DWP,David Gauke,http://hmrc.gov.uk/
"Creating a 'one-click' online registration process for new businesses",Tax and revenue; Business and enterprise,HMRC,BIS; CH,David Gauke,http://hmrc.gov.uk/
Delivering real-time information for the PAYE system by April 2014,Tax and revenue; Welfare,HMRC,,David Gauke,http://hmrc.gov.uk/
 Supporting tax collection and the introduction of Universal Credits,Tax and revenue; Welfare,HMRC,,David Gauke,http://hmrc.gov.uk/
Reducing complexity in the tax system,Tax and revenue,HMRC,Treasury,David Gauke,http://hmrc.gov.uk/
Implementing a cross-government deficit reduction plan,Tax and revenue; Budget,HMRC,,David Gauke,http://hmrc.gov.uk/
Implementing reforms to improve the sustainability of the tax yield,Tax and revenue,Treasury,,George Osborne; Danny Alexander; David Gauke; Lord Sassoon,http://www.hm-treasury.gov.uk/
Increasing transparency in the reporting of public spending,Government efficiency and transparency,Treasury,,George Osborne; Danny ALexander,http://www.hm-treasury.gov.uk/
Increasing fairness in taxation,Tax and revenue,Treasury,HMRC,George Osborne; Danny Alexander; David Gauke; Lord Sassoon,http://www.hm-treasury.gov.uk/
Creating the most competitive corporate tax regime in the G20,Tax and revenue; Business and enterprise,Treasury,Treasury; BIS,George Osborne; Danny Alexander; David Gauke; Lord Sassoon,http://www.hm-treasury.gov.uk/
Setting out a cross-government framework for growth domestically and in the EU,Economic growth and development; Europe,Treasury,BIS,George Osborne; Vince Cable; Danny Alexander,http://www.hm-treasury.gov.uk/
Increasing the proportion of revenue accounted for by environmental taxes,Tax and revenue; Environment and climate change,Treasury,Defra,George Osborne; Danny Alexander; Chloe Smith; David Gauke; Lord Sassoon,http://www.hm-treasury.gov.uk/
Reviewing the taxation of non-domiciled individuals,Tax and revenue; Foreign affairs,Treasury,,George Osborne; Danny Alexander; Chloe Smith; David Gauke; Lord Sassoon,http://www.hm-treasury.gov.uk/
Delivering the local government resource review,Tax and revenue; Business and enterprise,Treasury,DCLG,George Osborne; Danny Alexander; Chloe Smith; David Gauke; Lord Sassoon,http://www.hm-treasury.gov.uk/
Promoting growth and poverty reduction in the developing world ,Tax and revenue; International aid and development,Treasury,DFID,George Osborne; Danny Alexander; Chloe Smith; David Gauke; Lord Sassoon,http://www.hm-treasury.gov.uk/
Considering with the Bank of England how to include housing costs in the CPI inflation target,Tax and revenue,Treasury,,George Osborne; Danny Alexander; Mark Hoban; Lord Sassoon,http://www.hm-treasury.gov.uk/
Reviewing alcohol taxation to tackle problem drinking,Tax and revenue; Alcohol and drugs; Public health,Treasury,Home office,George Osborne; Danny Alexander; David Gauke; Lord Sassoon,http://www.hm-treasury.gov.uk/
Delivering value for money from the EU Budget and reform to improve the effectiveness of international institutions,Tax and revenue; Europe,Treasury,,George Osborne; Danny Alexander; David Gauke; Lord Sassoon,http://www.hm-treasury.gov.uk/
Supporting reform in the funding of devolved administrations to encourage transparency and accountability,Constitutional reform; Tax and revenue,Treasury,,George Osborne; Danny Alexander; David Gauke; Lord Sassoon,http://www.hm-treasury.gov.uk/
Introducing measures to improve fairness in public sector pay,Tax and revenue; Government efficiency and transparency,Treasury,,George Osborne; Danny Alexander; Lord Sassoon,http://www.hm-treasury.gov.uk/
Promoting access to finance for SMEs,Business and enterprise; Financial services,Treasury,BIS,George Osborne; Mark Hoban; Chloe Smith; Lord Sassoon,http://www.hm-treasury.gov.uk/
Consulting on changes to Money Laundering Regulations,Business and enterprise; Financial services,Treasury,,George Osborne; Mark Hoban; Chloe Smith; Lord Sassoon,http://www.hm-treasury.gov.uk/
Establishing an independent Banking Commission into banking structural reform,Financial services,Treasury,BIS,George Osborne; Mark Hoban;,http://www.hm-treasury.gov.uk/
Giving the Bank of England control of macro-prudential regulation and oversight of micro-prudential regulation,Financial services,Treasury,,George Osborne; Mark Hoban;,http://www.hm-treasury.gov.uk/
Withdrawing exceptional public support from the financial sector as conditions normalise,Financial services,Treasury,,George Osborne; Mark Hoban;,http://www.hm-treasury.gov.uk/
Tackling unacceptable bonuses in the financial services sector,Financial services,Treasury,,George Osborne; Mark Hoban;,http://www.hm-treasury.gov.uk/
Introducing a Bank Levy to ensure that the banking sector makes a fair contribution,Financial services,Treasury,,George Osborne; Mark Hoban;,http://www.hm-treasury.gov.uk/
Securing reform to global financial regulation,Financial services; Foreign affairs; Europe,Treasury,,George Osborne; Mark Hoban;,http://www.hm-treasury.gov.uk/
Establishing the Economic Crime Agency,Financial services; Crime and policing,Treasury,Home Office,George Osborne; Mark Hoban;,http://www.hm-treasury.gov.uk/
Delivering a fair and transparent payment for Equitable Life policyholders,Financial services,Treasury,,George Osborne; Mark Hoban;,http://www.hm-treasury.gov.uk/
Delivering a national financial healthcheck and free national financial advice service,Financial services,Treasury,,George Osborne; Mark Hoban;,http://www.hm-treasury.gov.uk/
Introducing stronger consumer protections in financial services,Financial services,Treasury,BIS,George Osborne; Mark Hoban;,http://www.hm-treasury.gov.uk/
Fostering diversity and competition in financial services,Financial services,Treasury,BIS,George Osborne; Mark Hoban;,http://www.hm-treasury.gov.uk/
Making the police more accountable through oversight by a directly elected Police and Crime Commissioner,Crime and policing,Home Office,,Theresa May; Lord Henley; Nick Herbert,http://homeoffice.gov.uk/
Making the actions of the police more transparent,Crime and policing,Home Office,,Theresa May; Lord Henley; Nick Herbert,http://homeoffice.gov.uk/
Empowering local communities to take a role in policing their neighbourhoods,Crime and policing; Community and society,Home Office,,Theresa May; Lord Henley; Nick Herbert,http://homeoffice.gov.uk/
Reducing bureaucracy for front-line police officers,Crime and policing,Home Office,,Theresa May; Lord Henley; Nick Herbert,http://homeoffice.gov.uk/
Ending unnecessary interference from the centre in local policing,Crime and policing; Local government,Home Office,,Theresa May; Lord Henley; Nick Herbert,http://homeoffice.gov.uk/
Simplifying institutional structures for the police,Crime and policing,Home Office,,Theresa May; Lord Henley; Nick Herbert,http://homeoffice.gov.uk/
Improving the efficiency of local policing,Crime and policing; Local government,Home Office,,Theresa May; Lord Henley; Nick Herbert,http://homeoffice.gov.uk/
Simplifying and improving anti-social behaviour powers ,Crime and policing; Community and society,Home Office,,Theresa May; Lord Henley; Nick Herbert,http://homeoffice.gov.uk/
Overhauling alcohol licensing to empower police and local authorities,Alcohol and drugs; Community and society,Home Office,,Theresa May; Lord Henley; Nick Herbert,http://homeoffice.gov.uk/
"Reducing reoffending and ensuring more effective rehabilitation, especially for drug users",Alcohol and drugs; Law and the justice system,Home Office,MOJ,Theresa May; Lord Henley; Nick Herbert,http://homeoffice.gov.uk/
Conducting a full review of alcohol and drugs sentencing policy,Alcohol and drugs; Crime and policing; Law and the justice system,Home Office,MOJ,Theresa May; Lord Henley; Nick Herbert,http://homeoffice.gov.uk/
Developing a comprehensive approach to drug misuse,Crime and policing; Alcohol and drugs; Law and the justice system,Home Office,,Theresa May; Lord Henley; Nick Herbert,http://homeoffice.gov.uk/
Supporting collaboration between the police and other public services,Crime and policing; Community and society; Law and the justice system,Home Office,MOJ,Theresa May; Lord Henley; Nick Herbert,http://homeoffice.gov.uk/
"Helping police, voluntary organisations and local communities to reduce violence against women",Crime and policing; Community and society; Social equality,Home Office,,Theresa May; Lord Henley; Nick Herbert,http://homeoffice.gov.uk/
Establishing a Border Police Command to secure our borders,Crime and policing; Borders and immigration,Home Office,,Theresa May; Lord Henley; Nick Herbert; Damian Green,http://homeoffice.gov.uk/
Strengthening the system of granting student visas ,Borders and immigration; Foreign affairs,Home Office,,Theresa May; Damian Green; Lord Henley,http://homeoffice.gov.uk/
Strengthening the system of granting spouse visas,Borders and immigration; Foreign affairs; Community and society,Home Office,,Theresa May; Damian Green; Lord Henley,http://homeoffice.gov.uk/
Setting an annual limit on the number of non-EU economic migrants to the UK,Borders and immigration,Home Office,,Theresa May; Damian Green; Lord Henley,http://homeoffice.gov.uk/
Speeding up the processing of asylum applications,Borders and immigration,Home Office,,Theresa May; Damian Green; Lord Henley,http://homeoffice.gov.uk/
Ending the detention of children for immigration purposes,Borders and immigration,Home Office,,Theresa May; Damian Green; Lord Henley,http://homeoffice.gov.uk/
"Protecting the UK against terrorist attack, serious cross-border crime and illegal immigration",Borders and immigration; National security and intelligence; Counter terrorism,Home Office,,Theresa May; Damian Green; Lord Henley,http://homeoffice.gov.uk/
Stopping the removal of asylum seekers whose sexual orientation or gender identification puts them at risk ,Borders and immigration; Social equality,Home Office,,Theresa May; Damian Green; Lord Henley; Lynne Featherstone,http://homeoffice.gov.uk/
 Scrapping ID cards and the National Identity Register,"Borders and immigration; Freedom, rights and citizenship",Home Office,,Theresa May; Damian Green; Lord Henley,http://homeoffice.gov.uk/
Reviewing counter-terrorism and security legislation,Counter terrorism,Home Office,,Theresa May; Damian Green; James Brokenshire; Lord Henley,http://homeoffice.gov.uk/
Ending the storage of internet and email records without good reason,"Freedom, rights and citizenship",Home Office,,Theresa May; Lynne Featherstone,http://homeoffice.gov.uk/
Introducing a Freedom Bill,"Freedom, rights and citizenship",Home Office,,Theresa May; Lynne Featherstone,http://homeoffice.gov.uk/
Reviewing the operation of the Extradition Act and the US/UK extradition treaty,"Freedom, rights and citizenship",Home Office,,Theresa May; Damian Green; Lord Henley,http://homeoffice.gov.uk/
Changing security and counter-terrorism policies and systems,"Freedom, rights and citizenship; Law and the justice system",Home Office,,Theresa May; Damian Green; James Brokenshire; Lord Henley,http://homeoffice.gov.uk/
Extending the UK's ability to deport foreign nationals who threaten our national security,National security and intelligence; Counter terrorism; Borders and immigration,Home Office,,Theresa May; Damian Green; James Brokenshire; Lord Henley,http://homeoffice.gov.uk/
"Reviewing the 'Prevent' strand of the counter-terrorism strategy",Counter terrorism,Home Office,,Theresa May; Damian Green; James Brokenshire; Lord Henley,http://homeoffice.gov.uk/
"Revising the 'CONTEST' counter-terrorism strategy",Counter terrorism; National security and intelligence,Home Office,,Theresa May; Damian Green; James Brokenshire; Lord Henley,http://homeoffice.gov.uk/
Changing pre-departure checks to better identify people who pose a terrorist threat,Counter terrorism; Borders and immigration,Home Office,,Theresa May; Damian Green; James Brokenshire; Lord Henley,http://homeoffice.gov.uk/
Strengthening the UK's protection against and ability to respond to a terrorist attack,Counter terrorism; National security and intelligence,Home Office,,Theresa May; Damian Green; James Brokenshire; Lord Henley,http://homeoffice.gov.uk/
Policing a safe and successful Olympic and Paralympic Games in 2012,Crime and policing; Public safety and emergencies,Home Office,,Theresa May; Lord Henley; Nick Herbert,http://homeoffice.gov.uk/
 Promote transparency on gender equality including equal pay,Social equality,Home Office,,Theresa May; Lynne Featherstone,http://homeoffice.gov.uk/
Promoting gender equality on the boards of listed companies,Social equality; Business and enterprise; Employment,Home Office,,Theresa May; Lynne Featherstone,http://homeoffice.gov.uk/
Promoting equality of opportunity to allow greater participation in society,Social equality,Home Office,,Theresa May; Lynne Featherstone,http://homeoffice.gov.uk/
Working internationally to encourage mutual recognition of same-sex partnerships,Social equality; Foreign affairs,Home Office,,Theresa May; Lynne Featherstone,http://homeoffice.gov.uk/
"Tackling hatred and violence against lesbian, gay, bisexual and transgender people",Social equality,Home Office,,Theresa May; Lynne Featherstone,http://homeoffice.gov.uk/
Streamlining and reforming the Equality and Human Rights Commission,Social equality,Home Office,,Theresa May; Lynne Featherstone,http://homeoffice.gov.uk/
Strengthening women's voices in government following abolition of the Women's National Commission,Social equality,Home Office,GEO,Theresa May; Lynne Featherstone,http://homeoffice.gov.uk/
Ensuring a proportionate and business friendly framework on discrimination law,Social equality; Business and enterprise; Employment,Home Office,,Theresa May; Lynne Featherstone,http://homeoffice.gov.uk/
Conducting the Strategic Defence and Security Review including Armed Forces capability reviews,Defence and armed forces,MOD,,Philip Hammond; Lord Astor,http://www.mod.uk/DefenceInternet/AboutDefence/WhatWeDo/
Publishing the National Security Strategy White Paper,Defence and armed forces,MOD,,Philip Hammond; Gerald Howarth; Lord Astor,http://www.mod.uk/DefenceInternet/AboutDefence/WhatWeDo/
Taking forward restructuring activities,Defence and armed forces,MOD,,Philip Hammond; Gerald Howarth; Lord Astor,http://www.mod.uk/DefenceInternet/AboutDefence/WhatWeDo/
Building constructive bilateral relationships including with the US and France,Defence and armed forces; Foreign affairs; Europe,MOD,FCO,Philip Hammond; Gerald Howarth; Lord Astor,http://www.mod.uk/DefenceInternet/AboutDefence/WhatWeDo/
"Building constructive multilateral relationships, in particular with NATO",Defence and armed forces; Foreign affairs,MOD,FCO,Philip Hammond; Gerald Howarth; Lord Astor,http://www.mod.uk/DefenceInternet/AboutDefence/WhatWeDo/
Developing the Queen Elizabeth Class Carriers,Defence and armed forces,MOD,,Philip Hammond; Peter Luff; Lord Astor,http://www.mod.uk/DefenceInternet/AboutDefence/WhatWeDo/
"Restructuring activities for Interim Force 2015 in the Royal Navy, the Army and the Royal Air Force",Defence and armed forces,MOD,,Philip Hammond; Nick Harvey; Andrew Robathan; Lord Astor,http://www.mod.uk/DefenceInternet/AboutDefence/WhatWeDo/
 Introducing an Armed Forces Bill,Defence and armed forces,MOD,,Philip Hammond; Nick Harvey; Andrew Robathan; Lord Astor,http://www.mod.uk/DefenceInternet/AboutDefence/WhatWeDo/
Issuing a revised Service Personnel Strategy to include New Employment Model principles,Defence and armed forces,MOD,,Philip Hammond; Nick Harvey; Andrew Robathan; Lord Astor,http://www.mod.uk/DefenceInternet/AboutDefence/WhatWeDo/
Adjusting the pay and allowances provision afforded to Service personnel,Defence and armed forces,MOD,,Philip Hammond; Nick Harvey; Andrew Robathan; Lord Astor,http://www.mod.uk/DefenceInternet/AboutDefence/WhatWeDo/
Developing rest and recuperation arrangements for Service personnel,Defence and armed forces,MOD,,Philip Hammond; Nick Harvey; Andrew Robathan; Lord Astor,http://www.mod.uk/DefenceInternet/AboutDefence/WhatWeDo/
Changing the rules so that Service Personnel only have to register once to be able to vote,Defence and armed forces,MOD,,Philip Hammond; Nick Harvey; Andrew Robathan; Lord Astor,http://www.mod.uk/DefenceInternet/AboutDefence/WhatWeDo/
Conducting the Future Reserves 2020 Study,Defence and armed forces,MOD,,Philip Hammond; Nick Harvey; Andrew Robathan; Lord Astor,http://www.mod.uk/DefenceInternet/AboutDefence/WhatWeDo/
Improving the health and social care provided to serving and ex-Service personnel,Defence and armed forces,MOD,,Philip Hammond; Nick Harvey; Andrew Robathan; Lord Astor,http://www.mod.uk/DefenceInternet/AboutDefence/WhatWeDo/
Improving education provision to Service personnel and their dependants,Defence and armed forces,MOD,,Philip Hammond; Nick Harvey; Andrew Robathan; Lord Astor,http://www.mod.uk/DefenceInternet/AboutDefence/WhatWeDo/
Conducting a Youth Engagement Review,Defence and armed forces,MOD,,Philip Hammond; Nick Harvey; Andrew Robathan; Lord Astor,http://www.mod.uk/DefenceInternet/AboutDefence/WhatWeDo/
Publishing the Armed forces Continuous Attitude Survey,Defence and armed forces,MOD,,Philip Hammond; Nick Harvey; Andrew Robathan; Lord Astor,http://www.mod.uk/DefenceInternet/AboutDefence/WhatWeDo/
" Establishing the Defence Reform Unit, led by Lord Levene",Defence and armed forces,MOD,,Philip Hammond; Gerald Howarth; Lord Astor,http://www.mod.uk/DefenceInternet/AboutDefence/WhatWeDo/
Conducting work-stream analysis to review effectiveness and efficiency,Defence and armed forces,MOD,,Philip Hammond; Gerald Howarth; Lord Astor,http://www.mod.uk/DefenceInternet/AboutDefence/WhatWeDo/
Completing the Defence Reform Unit's review,Defence and armed forces,MOD,,Philip Hammond; Gerald Howarth; Lord Astor,http://www.mod.uk/DefenceInternet/AboutDefence/WhatWeDo/
Implementing Defence Reform Review endorsed outcomes,Defence and armed forces,MOD,,Philip Hammond; Gerald Howarth; Lord Astor,http://www.mod.uk/DefenceInternet/AboutDefence/WhatWeDo/
Transforming the Ministry of Defence,Defence and armed forces,MOD,,Philip Hammond; Lord Astor,http://www.mod.uk/DefenceInternet/AboutDefence/WhatWeDo/
Defining future programmes for further efficiencies in Defence,Defence and armed forces,MOD,,Philip Hammond; Lord Astor,http://www.mod.uk/DefenceInternet/AboutDefence/WhatWeDo/
Publishing a Logistics sub-Strategy,Defence and armed forces,MOD,,Philip Hammond; Gerald Howarth; Lord Astor,http://www.mod.uk/DefenceInternet/AboutDefence/WhatWeDo/
"Publishing a White Paper on equipment, support, and technology for UK defence and security",Defence and armed forces; National security and intelligence,MOD,,Philip Hammond; Gerald Howarth; Lord Astor,http://www.mod.uk/DefenceInternet/AboutDefence/WhatWeDo/
Reviewing Single Source Pricing Regulations (The Yellow Book),Defence and armed forces,MOD,,Philip Hammond; Nick Harvey; Andrew Robathan; Lord Astor,http://www.mod.uk/DefenceInternet/AboutDefence/WhatWeDo/
Defining and delivering a long-term sustainable defence development strategy,Defence and armed forces,MOD,,Philip Hammond; Gerald Howarth; Lord Astor,http://www.mod.uk/DefenceInternet/AboutDefence/WhatWeDo/
Developing an overall strategy for the 'rehabilitation revolution' for adults and youths,Law and the justice system; Prison and probation,MOJ,,Kenneth Clarke; Lord McNally; Crispin Blunt; ,http://www.justice.gov.uk/about/moj/what-we-do/our-responsibilities.htm
Introducing payment by results schemes in the rehabilitation of offenders,Law and the justice system; Prison and probation,MOJ,,Kenneth Clarke; Lord McNally; Crispin Blunt; ,http://www.justice.gov.uk/about/moj/what-we-do/our-responsibilities.htm
Establishing payment-by-results pilots to help sustained recovery from drug dependency,Law and the justice system; Alcohol and drugs,MOJ,"DH, Home office",Kenneth Clarke; Nick Herbert; Lord McNally; Crispin Blunt; ,http://www.justice.gov.uk/about/moj/what-we-do/our-responsibilities.htm
Piloting and rolling out drugs recovery prison wings,Law and the justice system; Prison and probation; Alcohol and drugs,MOJ,,Kenneth Clarke; Nick Herbert; Lord McNally; Crispin Blunt; ,http://www.justice.gov.uk/about/moj/what-we-do/our-responsibilities.htm
Developing alternative forms of treatment based accommodation for drugs and mentally ill offenders,Law and the justice system; Prison and probation; Alcohol and drugs,MOJ,"DH, Home office",Kenneth Clarke; Nick Herbert; Lord McNally; Crispin Blunt; ,http://www.justice.gov.uk/about/moj/what-we-do/our-responsibilities.htm
Rolling out liaison and diversion services for mentally ill offenders,Law and the justice system; Social care,MOJ,DH,Kenneth Clarke; Nick Herbert; Lord McNally; Crispin Blunt; Jonathan Djanogly,http://www.justice.gov.uk/about/moj/what-we-do/our-responsibilities.htm
Increasing the number of prisoners doing meaningful work for real wages and ensure greater reparations to victims,Law and the justice system; Prison and probation,MOJ,,Kenneth Clarke; Nick Herbert; Lord McNally; Crispin Blunt; ,http://www.justice.gov.uk/about/moj/what-we-do/our-responsibilities.htm
Incentivising Work Programme providers to give employment support to unemployed offenders,Law and the justice system; Prisons and probation; Employment,MOJ,DWP,Kenneth Clarke; Nick Herbert; Lord McNally; Crispin Blunt; ,http://www.justice.gov.uk/about/moj/what-we-do/our-responsibilities.htm
Conducting a full examination of sentencing policy,Law and the justice system,MOJ,,Kenneth Clarke; Nick Herbert; Lord McNally,http://www.justice.gov.uk/about/moj/what-we-do/our-responsibilities.htm
Ensuring historical convictions for consensual gay sex with over-16s will be treated as spent,Law and the justice system; Social equality,MOJ,Home Office,Kenneth Clarke; Nick Herbert; Lord McNally,http://www.justice.gov.uk/about/moj/what-we-do/our-responsibilities.htm
Exploring reform of out-of-court disposals,Law and the justice system,MOJ,,Kenneth Clarke; Nick Herbert; Lord McNally,http://www.justice.gov.uk/about/moj/what-we-do/our-responsibilities.htm
Exploring the use of Neighbourhood Justice Panels ,Law and the justice system; Community and society; Big society,MOJ,,Kenneth Clarke; Nick Herbert; Lord McNally,http://www.justice.gov.uk/about/moj/what-we-do/our-responsibilities.htm
Reforming the Criminal Justice System to develop a more integrated and streamlined system,Law and the justice system,MOJ,,Kenneth Clarke; Nick Herbert; Lord McNally,http://www.justice.gov.uk/about/moj/what-we-do/our-responsibilities.htm
Reforming the Legal Aid System ,Law and the justice system,MOJ,,Kenneth Clarke; Nick Herbert; Lord McNally,http://www.justice.gov.uk/about/moj/what-we-do/our-responsibilities.htm
Reforming court processes and the courts estate,Law and the justice system,MOJ,,Kenneth Clarke; Nick Herbert; Lord McNally,http://www.justice.gov.uk/about/moj/what-we-do/our-responsibilities.htm
"Making family court services accessible, transparent and planned around the needs of the most vulnerable",Law and the justice system; Children and young people,MOJ,,Kenneth Clarke; Nick Herbert; Lord McNally,http://www.justice.gov.uk/about/moj/what-we-do/our-responsibilities.htm
Promoting wider use of alternative dispute resolution in the civil courts,Law and the justice system,MOJ,,Kenneth Clarke; Nick Herbert; Lord McNally,http://www.justice.gov.uk/about/moj/what-we-do/our-responsibilities.htm
Providing more protection for people against aggressive bailiffs,"Law and the justice system; Freedom, rights and citizenship",MOJ,,Kenneth Clarke; Nick Herbert; Lord McNally,http://www.justice.gov.uk/about/moj/what-we-do/our-responsibilities.htm
Using proceeds from the Victim Surcharge to fund rape crisis centres,Law and the justice system; Social equality,MOJ,,Kenneth Clarke; Nick Herbert; Lord McNally,http://www.justice.gov.uk/about/moj/what-we-do/our-responsibilities.htm
Acting on Lord Justice Jackson's recommendations into the funding and costs of civil litigation,Law and the justice system,MOJ,,Kenneth Clarke; Nick Herbert; Lord McNally,http://www.justice.gov.uk/about/moj/what-we-do/our-responsibilities.htm
Extending the simplified road traffic accident claims procedure ,Law and the justice system; Transport,MOJ,,Kenneth Clarke; Nick Herbert; Lord McNally,http://www.justice.gov.uk/about/moj/what-we-do/our-responsibilities.htm
"Delivering a simpler, rationalised fees structure in HM Courts and Tribunals Service",Law and the justice system,MOJ,,Kenneth Clarke; Nick Herbert; Lord McNally,http://www.justice.gov.uk/about/moj/what-we-do/our-responsibilities.htm
Increasing the transparency of court results and the effectiveness of sentences,Law and the justice system,MOJ,,Kenneth Clarke; Nick Herbert; Lord McNally,http://www.justice.gov.uk/about/moj/what-we-do/our-responsibilities.htm
Reversing the erosion of civil liberties,"Freedom, rights and citizenship; Regulation reform; Law and the justice system",MOJ,,Kenneth Clarke; Nick Herbert; Lord McNally,http://www.justice.gov.uk/about/moj/what-we-do/our-responsibilities.htm
Reforming libel laws to protect freedom of speech,"Freedom, rights and citizenship; Regulation reform; Law and the justice system",MOJ,,Kenneth Clarke; Nick Herbert; Lord McNally,http://www.justice.gov.uk/about/moj/what-we-do/our-responsibilities.htm
Repealing unnecessary laws,"Freedom, rights and citizenship; Government efficiency and transparency; Regulation reform",MOJ,,Kenneth Clarke; Nick Herbert; Lord McNally,http://www.justice.gov.uk/about/moj/what-we-do/our-responsibilities.htm
Extending coverage of the Freedom of Information Act to cover more organisations,"Freedom, rights and citizenship; Government efficiency and transparency",MOJ,,Kenneth Clarke; Nick Herbert; Lord McNally,http://www.justice.gov.uk/about/moj/what-we-do/our-responsibilities.htm
Providing people with greater protection to prevent crime and to defend themselves,Crime and policing; Law and the justice system,MOJ,Home Office,Kenneth Clarke; Nick Herbert; Lord McNally,http://www.justice.gov.uk/about/moj/what-we-do/our-responsibilities.htm
Publishing a Green Paper on the use of intelligence and sensitive material in judicial proceeding,"Law and the justice system; Freedom, rights and citizenship; National security and intelligence",MOJ,Home Office,Kenneth Clarke; Nick Herbert; Lord McNally,http://www.justice.gov.uk/about/moj/what-we-do/our-responsibilities.htm
Inviting private and voluntary organisations to provide legal services,Law and the justice system,MOJ,,Kenneth Clarke; Nick Herbert; Lord McNally,http://www.justice.gov.uk/about/moj/what-we-do/our-responsibilities.htm
Restructuring the National Offender Management Service,Law and the justice system; Prisons and probation,MOJ,,Kenneth Clarke; Lord McNally; Crispin Blunt; ,http://www.justice.gov.uk/about/moj/what-we-do/our-responsibilities.htm